E_w1_p1_r1,tcc-spark-streaming-1,136.00%,768MiB / 7.107GiB
E_w1_p1_r1,tcc-grafana-1,0.93%,115.9MiB / 7.107GiB
E_w1_p1_r1,tcc-prometheus-1,0.39%,39.16MiB / 7.107GiB
E_w1_p1_r1,tcc-kafka-exporter-1,3.89%,16.18MiB / 7.107GiB
E_w1_p1_r1,tcc-spark-worker-1,9.06%,907.3MiB / 7.107GiB
E_w1_p1_r1,tcc-kafka-1,16.08%,549.2MiB / 7.107GiB
E_w1_p1_r1,tcc-mlflow-1,1.18%,54.88MiB / 7.107GiB
E_w1_p1_r1,tcc-spark-master-1,0.15%,130.3MiB / 7.107GiB
E_w1_p1_r2,tcc-spark-streaming-1,93.70%,777.3MiB / 7.107GiB
E_w1_p1_r2,tcc-grafana-1,1.01%,116MiB / 7.107GiB
E_w1_p1_r2,tcc-prometheus-1,0.61%,39.97MiB / 7.107GiB
E_w1_p1_r2,tcc-kafka-exporter-1,0.04%,17.65MiB / 7.107GiB
E_w1_p1_r2,tcc-spark-worker-1,12.44%,1004MiB / 7.107GiB
E_w1_p1_r2,tcc-kafka-1,21.52%,552MiB / 7.107GiB
E_w1_p1_r2,tcc-mlflow-1,1.06%,55.11MiB / 7.107GiB
E_w1_p1_r2,tcc-spark-master-1,0.18%,137.3MiB / 7.107GiB
E_w1_p1_r3,tcc-spark-streaming-1,85.00%,811.6MiB / 7.107GiB
E_w1_p1_r3,tcc-grafana-1,1.03%,116.2MiB / 7.107GiB
E_w1_p1_r3,tcc-prometheus-1,0.25%,39.66MiB / 7.107GiB
E_w1_p1_r3,tcc-kafka-exporter-1,0.06%,14.82MiB / 7.107GiB
E_w1_p1_r3,tcc-spark-worker-1,0.43%,1.017GiB / 7.107GiB
E_w1_p1_r3,tcc-kafka-1,13.61%,552.3MiB / 7.107GiB
E_w1_p1_r3,tcc-mlflow-1,1.15%,55.27MiB / 7.107GiB
E_w1_p1_r3,tcc-spark-master-1,0.18%,142.5MiB / 7.107GiB
E_w1_p3_r1,tcc-spark-streaming-1,103.11%,764MiB / 7.107GiB
E_w1_p3_r1,tcc-grafana-1,1.22%,116.4MiB / 7.107GiB
E_w1_p3_r1,tcc-prometheus-1,0.61%,40.6MiB / 7.107GiB
E_w1_p3_r1,tcc-kafka-exporter-1,0.06%,15.3MiB / 7.107GiB
E_w1_p3_r1,tcc-spark-worker-1,0.70%,1.235GiB / 7.107GiB
E_w1_p3_r1,tcc-kafka-1,13.90%,554.2MiB / 7.107GiB
E_w1_p3_r1,tcc-mlflow-1,1.06%,55.45MiB / 7.107GiB
E_w1_p3_r1,tcc-spark-master-1,0.18%,154.2MiB / 7.107GiB
E_w1_p3_r2,tcc-spark-streaming-1,93.30%,753.5MiB / 7.107GiB
E_w1_p3_r2,tcc-grafana-1,0.96%,116.3MiB / 7.107GiB
E_w1_p3_r2,tcc-prometheus-1,0.52%,40.16MiB / 7.107GiB
E_w1_p3_r2,tcc-kafka-exporter-1,4.74%,17.34MiB / 7.107GiB
E_w1_p3_r2,tcc-spark-worker-1,1.29%,1.213GiB / 7.107GiB
E_w1_p3_r2,tcc-kafka-1,16.64%,558.5MiB / 7.107GiB
E_w1_p3_r2,tcc-mlflow-1,1.07%,55.67MiB / 7.107GiB
E_w1_p3_r2,tcc-spark-master-1,0.18%,157.1MiB / 7.107GiB
E_w1_p3_r3,tcc-spark-streaming-1,110.85%,755.3MiB / 7.107GiB
E_w1_p3_r3,tcc-grafana-1,1.02%,116.1MiB / 7.107GiB
E_w1_p3_r3,tcc-prometheus-1,0.77%,42.72MiB / 7.107GiB
E_w1_p3_r3,tcc-kafka-exporter-1,0.08%,15.59MiB / 7.107GiB
E_w1_p3_r3,tcc-spark-worker-1,1.60%,1.226GiB / 7.107GiB
E_w1_p3_r3,tcc-kafka-1,12.92%,559.1MiB / 7.107GiB
E_w1_p3_r3,tcc-mlflow-1,1.19%,55.89MiB / 7.107GiB
E_w1_p3_r3,tcc-spark-master-1,0.18%,158.6MiB / 7.107GiB
E_w1_p6_r1,tcc-spark-streaming-1,201.08%,762.7MiB / 7.107GiB
E_w1_p6_r1,tcc-grafana-1,1.20%,116.3MiB / 7.107GiB
E_w1_p6_r1,tcc-prometheus-1,0.64%,42.81MiB / 7.107GiB
E_w1_p6_r1,tcc-kafka-exporter-1,0.06%,15.55MiB / 7.107GiB
E_w1_p6_r1,tcc-spark-worker-1,0.75%,1.217GiB / 7.107GiB
E_w1_p6_r1,tcc-kafka-1,14.01%,557.1MiB / 7.107GiB
E_w1_p6_r1,tcc-mlflow-1,1.18%,56.05MiB / 7.107GiB
E_w1_p6_r1,tcc-spark-master-1,0.18%,159.5MiB / 7.107GiB
E_w1_p6_r2,tcc-spark-streaming-1,105.96%,749.5MiB / 7.107GiB
E_w1_p6_r2,tcc-grafana-1,1.07%,118.3MiB / 7.107GiB
E_w1_p6_r2,tcc-prometheus-1,0.96%,42.99MiB / 7.107GiB
E_w1_p6_r2,tcc-kafka-exporter-1,0.09%,17.18MiB / 7.107GiB
E_w1_p6_r2,tcc-spark-worker-1,0.57%,1.232GiB / 7.107GiB
E_w1_p6_r2,tcc-kafka-1,13.11%,560.2MiB / 7.107GiB
E_w1_p6_r2,tcc-mlflow-1,1.17%,56.16MiB / 7.107GiB
E_w1_p6_r2,tcc-spark-master-1,0.18%,159.6MiB / 7.107GiB
E_w1_p6_r3,tcc-spark-streaming-1,101.43%,769.8MiB / 7.107GiB
E_w1_p6_r3,tcc-grafana-1,0.95%,133.9MiB / 7.107GiB
E_w1_p6_r3,tcc-prometheus-1,0.48%,43.04MiB / 7.107GiB
E_w1_p6_r3,tcc-kafka-exporter-1,0.06%,17.59MiB / 7.107GiB
E_w1_p6_r3,tcc-spark-worker-1,0.35%,1.253GiB / 7.107GiB
E_w1_p6_r3,tcc-kafka-1,12.87%,567.7MiB / 7.107GiB
E_w1_p6_r3,tcc-mlflow-1,21.55%,57.7MiB / 7.107GiB
E_w1_p6_r3,tcc-spark-master-1,0.16%,159.8MiB / 7.107GiB
E_w2_p1_r1,tcc-spark-worker-2,2.99%,903.8MiB / 7.107GiB
E_w2_p1_r1,tcc-spark-streaming-1,94.07%,747.4MiB / 7.107GiB
E_w2_p1_r1,tcc-grafana-1,1.20%,136.2MiB / 7.107GiB
E_w2_p1_r1,tcc-prometheus-1,0.64%,39.9MiB / 7.107GiB
E_w2_p1_r1,tcc-kafka-exporter-1,0.06%,16.11MiB / 7.107GiB
E_w2_p1_r1,tcc-spark-worker-1,0.41%,475.8MiB / 7.107GiB
E_w2_p1_r1,tcc-kafka-1,13.24%,567.1MiB / 7.107GiB
E_w2_p1_r1,tcc-mlflow-1,1.11%,56.49MiB / 7.107GiB
E_w2_p1_r1,tcc-spark-master-1,0.26%,161.1MiB / 7.107GiB
E_w2_p1_r2,tcc-spark-worker-2,0.43%,961.2MiB / 7.107GiB
E_w2_p1_r2,tcc-spark-streaming-1,120.07%,727.2MiB / 7.107GiB
E_w2_p1_r2,tcc-grafana-1,0.99%,136.1MiB / 7.107GiB
E_w2_p1_r2,tcc-prometheus-1,0.50%,41.96MiB / 7.107GiB
E_w2_p1_r2,tcc-kafka-exporter-1,0.07%,16.04MiB / 7.107GiB
E_w2_p1_r2,tcc-spark-worker-1,0.51%,479MiB / 7.107GiB
E_w2_p1_r2,tcc-kafka-1,12.17%,567.9MiB / 7.107GiB
E_w2_p1_r2,tcc-mlflow-1,0.92%,56.34MiB / 7.107GiB
E_w2_p1_r2,tcc-spark-master-1,0.37%,160.9MiB / 7.107GiB
E_w2_p1_r3,tcc-spark-worker-2,1.82%,1.082GiB / 7.107GiB
E_w2_p1_r3,tcc-spark-streaming-1,79.34%,756.6MiB / 7.107GiB
E_w2_p1_r3,tcc-grafana-1,1.13%,136.1MiB / 7.107GiB
E_w2_p1_r3,tcc-prometheus-1,1.18%,42.64MiB / 7.107GiB
E_w2_p1_r3,tcc-kafka-exporter-1,4.83%,17.35MiB / 7.107GiB
E_w2_p1_r3,tcc-spark-worker-1,0.45%,483.3MiB / 7.107GiB
E_w2_p1_r3,tcc-kafka-1,12.94%,573.1MiB / 7.107GiB
E_w2_p1_r3,tcc-mlflow-1,1.25%,56.52MiB / 7.107GiB
E_w2_p1_r3,tcc-spark-master-1,0.34%,161.5MiB / 7.107GiB
E_w2_p3_r1,tcc-spark-worker-2,4.54%,1.201GiB / 7.107GiB
E_w2_p3_r1,tcc-spark-streaming-1,108.56%,777.7MiB / 7.107GiB
E_w2_p3_r1,tcc-grafana-1,1.19%,120.4MiB / 7.107GiB
E_w2_p3_r1,tcc-prometheus-1,0.30%,41.54MiB / 7.107GiB
E_w2_p3_r1,tcc-kafka-exporter-1,0.05%,16.29MiB / 7.107GiB
E_w2_p3_r1,tcc-spark-worker-1,1.68%,887.5MiB / 7.107GiB
E_w2_p3_r1,tcc-kafka-1,13.70%,559.6MiB / 7.107GiB
E_w2_p3_r1,tcc-mlflow-1,1.19%,59.47MiB / 7.107GiB
E_w2_p3_r1,tcc-spark-master-1,2.54%,159.4MiB / 7.107GiB
E_w2_p3_r2,tcc-spark-worker-2,88.73%,1.214GiB / 7.107GiB
E_w2_p3_r2,tcc-spark-streaming-1,121.14%,772.1MiB / 7.107GiB
E_w2_p3_r2,tcc-grafana-1,1.07%,120.2MiB / 7.107GiB
E_w2_p3_r2,tcc-prometheus-1,1.01%,45.18MiB / 7.107GiB
E_w2_p3_r2,tcc-kafka-exporter-1,0.04%,17.14MiB / 7.107GiB
E_w2_p3_r2,tcc-spark-worker-1,0.42%,924.5MiB / 7.107GiB
E_w2_p3_r2,tcc-kafka-1,12.78%,564.6MiB / 7.107GiB
E_w2_p3_r2,tcc-mlflow-1,1.34%,59.32MiB / 7.107GiB
E_w2_p3_r2,tcc-spark-master-1,25.80%,158.8MiB / 7.107GiB
E_w2_p3_r3,tcc-spark-worker-2,10.42%,1.229GiB / 7.107GiB
E_w2_p3_r3,tcc-spark-streaming-1,159.66%,777.8MiB / 7.107GiB
E_w2_p3_r3,tcc-grafana-1,1.13%,120.2MiB / 7.107GiB
E_w2_p3_r3,tcc-prometheus-1,1.02%,47.01MiB / 7.107GiB
E_w2_p3_r3,tcc-kafka-exporter-1,0.06%,17.34MiB / 7.107GiB
E_w2_p3_r3,tcc-spark-worker-1,15.52%,984.8MiB / 7.107GiB
E_w2_p3_r3,tcc-kafka-1,12.47%,562.1MiB / 7.107GiB
E_w2_p3_r3,tcc-mlflow-1,1.06%,59.46MiB / 7.107GiB
E_w2_p3_r3,tcc-spark-master-1,0.31%,162MiB / 7.107GiB
E_w2_p6_r1,tcc-spark-worker-2,1.46%,1.19GiB / 7.107GiB
E_w2_p6_r1,tcc-spark-streaming-1,120.96%,745.8MiB / 7.107GiB
E_w2_p6_r1,tcc-grafana-1,0.96%,131.7MiB / 7.107GiB
E_w2_p6_r1,tcc-prometheus-1,0.85%,46.42MiB / 7.107GiB
E_w2_p6_r1,tcc-kafka-exporter-1,0.06%,18.35MiB / 7.107GiB
E_w2_p6_r1,tcc-spark-worker-1,0.62%,1.244GiB / 7.107GiB
E_w2_p6_r1,tcc-kafka-1,12.54%,520MiB / 7.107GiB
E_w2_p6_r1,tcc-mlflow-1,1.11%,59.11MiB / 7.107GiB
E_w2_p6_r1,tcc-spark-master-1,0.15%,143.7MiB / 7.107GiB
E_w2_p6_r2,tcc-spark-worker-2,4.93%,1.199GiB / 7.107GiB
E_w2_p6_r2,tcc-spark-streaming-1,150.03%,793MiB / 7.107GiB
E_w2_p6_r2,tcc-grafana-1,1.13%,132.8MiB / 7.107GiB
E_w2_p6_r2,tcc-prometheus-1,0.47%,43.44MiB / 7.107GiB
E_w2_p6_r2,tcc-kafka-exporter-1,0.04%,18.46MiB / 7.107GiB
E_w2_p6_r2,tcc-spark-worker-1,16.10%,1.374GiB / 7.107GiB
E_w2_p6_r2,tcc-kafka-1,12.87%,507.9MiB / 7.107GiB
E_w2_p6_r2,tcc-mlflow-1,1.05%,57.89MiB / 7.107GiB
E_w2_p6_r2,tcc-spark-master-1,0.16%,139.2MiB / 7.107GiB
E_w2_p6_r3,tcc-spark-worker-2,25.63%,1.17GiB / 7.107GiB
E_w2_p6_r3,tcc-spark-streaming-1,108.29%,800MiB / 7.107GiB
E_w2_p6_r3,tcc-grafana-1,1.02%,118.5MiB / 7.107GiB
E_w2_p6_r3,tcc-prometheus-1,0.82%,44.48MiB / 7.107GiB
E_w2_p6_r3,tcc-kafka-exporter-1,5.05%,17.6MiB / 7.107GiB
E_w2_p6_r3,tcc-spark-worker-1,0.42%,1.39GiB / 7.107GiB
E_w2_p6_r3,tcc-kafka-1,16.58%,463.3MiB / 7.107GiB
E_w2_p6_r3,tcc-mlflow-1,1.40%,54.18MiB / 7.107GiB
E_w2_p6_r3,tcc-spark-master-1,0.18%,148.2MiB / 7.107GiB
E_w3_p1_r1,tcc-spark-worker-3,0.42%,445.4MiB / 7.107GiB
E_w3_p1_r1,tcc-spark-worker-2,1.27%,432.9MiB / 7.107GiB
E_w3_p1_r1,tcc-spark-streaming-1,93.41%,758MiB / 7.107GiB
E_w3_p1_r1,tcc-grafana-1,1.08%,118.5MiB / 7.107GiB
E_w3_p1_r1,tcc-prometheus-1,0.61%,46.64MiB / 7.107GiB
E_w3_p1_r1,tcc-kafka-exporter-1,4.74%,19.32MiB / 7.107GiB
E_w3_p1_r1,tcc-spark-worker-1,0.46%,1003MiB / 7.107GiB
E_w3_p1_r1,tcc-kafka-1,16.95%,464.6MiB / 7.107GiB
E_w3_p1_r1,tcc-mlflow-1,1.22%,54.32MiB / 7.107GiB
E_w3_p1_r1,tcc-spark-master-1,0.26%,170.4MiB / 7.107GiB
E_w3_p1_r1,tcc-spark-streaming-1,87.61%,728.9MiB / 7.107GiB
E_w3_p1_r1,tcc-spark-worker-2,0.37%,328.6MiB / 7.107GiB
E_w3_p1_r1,tcc-spark-worker-3,1.18%,413.9MiB / 7.107GiB
E_w3_p1_r1,tcc-grafana-1,0.99%,135.9MiB / 7.107GiB
E_w3_p1_r1,tcc-prometheus-1,0.29%,44.38MiB / 7.107GiB
E_w3_p1_r1,tcc-kafka-exporter-1,0.14%,16.21MiB / 7.107GiB
E_w3_p1_r1,tcc-spark-worker-1,0.41%,970.2MiB / 7.107GiB
E_w3_p1_r1,tcc-kafka-1,22.36%,706.5MiB / 7.107GiB
E_w3_p1_r1,tcc-mlflow-1,1.00%,1.204GiB / 7.107GiB
E_w3_p1_r1,tcc-spark-master-1,12.23%,227.5MiB / 7.107GiB
E_w3_p1_r2,tcc-spark-streaming-1,82.88%,728.1MiB / 7.107GiB
E_w3_p1_r2,tcc-spark-worker-2,1.11%,357.3MiB / 7.107GiB
E_w3_p1_r2,tcc-spark-worker-3,0.67%,409.3MiB / 7.107GiB
E_w3_p1_r2,tcc-grafana-1,0.97%,144.2MiB / 7.107GiB
E_w3_p1_r2,tcc-prometheus-1,0.31%,41.38MiB / 7.107GiB
E_w3_p1_r2,tcc-kafka-exporter-1,0.15%,18.12MiB / 7.107GiB
E_w3_p1_r2,tcc-spark-worker-1,0.42%,888.7MiB / 7.107GiB
E_w3_p1_r2,tcc-kafka-1,20.32%,521.2MiB / 7.107GiB
E_w3_p1_r2,tcc-mlflow-1,1.06%,528.2MiB / 7.107GiB
E_w3_p1_r2,tcc-spark-master-1,0.26%,148MiB / 7.107GiB
E_w3_p1_r3,tcc-spark-streaming-1,91.28%,755.6MiB / 7.107GiB
E_w3_p1_r3,tcc-spark-worker-2,0.38%,360.6MiB / 7.107GiB
E_w3_p1_r3,tcc-spark-worker-3,1.75%,411.4MiB / 7.107GiB
E_w3_p1_r3,tcc-grafana-1,0.98%,152.8MiB / 7.107GiB
E_w3_p1_r3,tcc-prometheus-1,0.69%,44.01MiB / 7.107GiB
E_w3_p1_r3,tcc-kafka-exporter-1,0.05%,16.47MiB / 7.107GiB
E_w3_p1_r3,tcc-spark-worker-1,0.39%,889.9MiB / 7.107GiB
E_w3_p1_r3,tcc-kafka-1,48.59%,552.6MiB / 7.107GiB
E_w3_p1_r3,tcc-mlflow-1,1.01%,242.5MiB / 7.107GiB
E_w3_p1_r3,tcc-spark-master-1,33.18%,141.7MiB / 7.107GiB
E_w3_p3_r1,tcc-spark-streaming-1,118.35%,756.3MiB / 7.107GiB
E_w3_p3_r1,tcc-spark-worker-2,0.95%,866.6MiB / 7.107GiB
E_w3_p3_r1,tcc-spark-worker-3,74.18%,875.8MiB / 7.107GiB
E_w3_p3_r1,tcc-grafana-1,0.97%,152.2MiB / 7.107GiB
E_w3_p3_r1,tcc-prometheus-1,0.67%,45.25MiB / 7.107GiB
E_w3_p3_r1,tcc-kafka-exporter-1,0.05%,17.2MiB / 7.107GiB
E_w3_p3_r1,tcc-spark-worker-1,9.60%,880.5MiB / 7.107GiB
E_w3_p3_r1,tcc-kafka-1,12.96%,538.7MiB / 7.107GiB
E_w3_p3_r1,tcc-mlflow-1,1.00%,96.64MiB / 7.107GiB
E_w3_p3_r1,tcc-spark-master-1,0.24%,153.6MiB / 7.107GiB
E_w3_p3_r2,tcc-spark-streaming-1,67.96%,775.2MiB / 7.107GiB
E_w3_p3_r2,tcc-spark-worker-2,0.37%,848.6MiB / 7.107GiB
E_w3_p3_r2,tcc-spark-worker-3,0.41%,839.6MiB / 7.107GiB
E_w3_p3_r2,tcc-grafana-1,0.81%,123.8MiB / 7.107GiB
E_w3_p3_r2,tcc-prometheus-1,0.44%,65.29MiB / 7.107GiB
E_w3_p3_r2,tcc-kafka-exporter-1,0.07%,17.87MiB / 7.107GiB
E_w3_p3_r2,tcc-spark-worker-1,1.03%,897.9MiB / 7.107GiB
E_w3_p3_r2,tcc-kafka-1,10.61%,495.3MiB / 7.107GiB
E_w3_p3_r2,tcc-mlflow-1,0.81%,53.21MiB / 7.107GiB
E_w3_p3_r2,tcc-spark-master-1,0.25%,157.1MiB / 7.107GiB
