workers,particoes,repeticao,run_id,mensagens,completo,vazao_25_95_tx_s,tempo_ate_primeira_predicao_s,tempo_total_s,tempo_primeira_a_ultima_s,n_microlotes,numInputRows_total,processedRowsPerSecond_ponderado,taxa_carga_previa_tx_s,predicoes_no_topico
1,1,1,E_w1_p1_r1,300000,1,9493.2,39.7,79.7,40.0,1,300000,4991.8,9085.2,300000
1,1,2,E_w1_p1_r2,300000,1,11092.3,33.4,66.4,33.0,1,300000,5655.8,9492.5,300000
1,1,3,E_w1_p1_r3,300000,1,13786.2,33.9,64.4,30.5,1,300000,5912.4,9435.9,300000
1,3,1,E_w1_p3_r1,300000,1,10133.5,48.9,80.9,32.0,1,300000,4441.0,10366.4,300000
1,3,2,E_w1_p3_r2,300000,1,9587.6,47.9,81.4,33.5,1,300000,4432.6,10369.4,300000
1,3,3,E_w1_p3_r3,300000,1,9556.6,48.4,79.9,31.5,1,300000,4520.3,10430.5,300000
1,6,1,E_w1_p6_r1,300000,1,6040.8,45.4,85.4,40.0,1,300000,4192.9,10782.7,300000
1,6,2,E_w1_p6_r2,300000,1,6843.9,45.4,84.4,39.0,1,300000,4229.9,10861.5,300000
1,6,3,E_w1_p6_r3,300000,1,6245.4,45.9,82.9,37.0,1,300000,4330.1,10907.6,300000
2,1,1,E_w2_p1_r1,300000,1,12931.0,39.9,74.4,34.5,1,300000,5076.0,9443.1,300000
2,1,2,E_w2_p1_r2,300000,1,11761.6,41.4,68.9,27.5,1,300000,5618.9,9424.9,300000
2,1,3,E_w2_p1_r3,300000,1,12873.0,36.4,69.4,33.0,1,300000,5621.3,9486.8,300000
2,3,1,E_w2_p3_r1,300000,1,10489.7,41.4,69.9,28.5,1,300000,5566.2,10325.4,300000
2,3,2,E_w2_p3_r2,300000,1,9157.4,45.7,77.2,31.5,1,300000,5320.0,10349.6,300000
2,3,3,E_w2_p3_r3,300000,1,9325.2,41.9,72.9,31.0,1,300000,5326.5,10302.7,300000
2,6,1,E_w2_p6_r1,300000,1,19963.0,49.9,64.9,15.0,1,300000,6069.4,10811.8,300000
2,6,2,E_w2_p6_r2,300000,1,18661.2,51.4,66.4,15.0,1,300000,6028.6,10854.6,300000
2,6,3,E_w2_p6_r3,300000,1,19246.1,51.4,66.9,15.5,1,300000,5950.7,10858.9,300000
3,1,1,E_w3_p1_r1,300000,1,8506.6,38.4,78.4,40.0,1,300000,4959.7,9442.4,300000
3,1,1,E_w3_p1_r1,300000,1,12496.1,51.9,77.9,26.0,1,300000,5594.8,9221.5,300000
3,1,2,E_w3_p1_r2,300000,1,12722.3,40.4,72.4,32.0,1,300000,5687.0,9383.5,300000
3,1,3,E_w3_p1_r3,300000,1,8719.4,39.4,77.4,38.0,1,300000,5035.2,9442.9,300000
3,3,1,E_w3_p3_r1,300000,1,58297.7,36.9,44.4,7.5,1,300000,10879.8,10342.4,300000
3,3,2,E_w3_p3_r2,300000,1,94134.1,39.0,46.5,7.5,1,300000,10890.5,10108.4,300000
