taxa,conteiner,amostras,cpu_media,cpu_dp,cpu_max,mem_media_mib,mem_max_mib
100,grafana,167,1.1,0.9,6.4,156.5,159.5
100,kafka,167,15.5,9.1,69.7,428.6,574.5
100,kafka-exporter,167,1.0,2.0,6.7,19.1,22.8
100,metrics-bridge,167,15.0,7.2,46.1,32.9,45.0
100,mlflow,167,1.6,3.0,23.4,534.8,631.0
100,prometheus,167,0.7,1.1,8.9,42.2,44.4
100,spark-master,167,1.1,4.4,36.7,142.2,149.4
100,spark-streaming,167,58.0,24.5,154.4,1001.5,1073.2
100,spark-worker,167,137.3,42.6,194.1,1116.5,1157.1
500,grafana,170,1.0,1.0,7.5,162.7,164.6
500,kafka,170,13.8,3.5,34.3,575.9,583.9
500,kafka-exporter,170,0.7,1.3,4.7,19.1,21.6
500,metrics-bridge,170,38.9,15.2,64.3,56.0,73.1
500,mlflow,170,1.3,2.3,15.8,467.2,519.7
500,prometheus,170,0.6,0.8,4.9,48.1,50.3
500,spark-master,170,1.1,4.3,33.7,160.2,166.4
500,spark-streaming,170,41.6,14.4,91.8,1086.7,1102.8
500,spark-worker,170,132.4,51.5,187.6,1161.2,1177.6
1000,grafana,170,1.0,0.9,7.5,168.3,170.4
1000,kafka,170,13.3,2.5,22.4,584.9,589.9
1000,kafka-exporter,170,0.7,1.4,4.7,19.1,21.4
1000,metrics-bridge,170,76.0,27.9,105.2,102.2,132.1
1000,mlflow,170,1.7,3.3,17.1,366.6,436.2
1000,prometheus,170,0.6,0.8,4.7,57.1,63.0
1000,spark-master,170,1.2,4.0,21.2,173.6,176.8
1000,spark-streaming,170,39.2,16.5,125.9,1088.8,1110.0
1000,spark-worker,170,138.8,47.4,178.7,1174.7,1197.1
2000,grafana,267,1.0,1.0,8.3,139.6,152.1
2000,kafka,267,12.8,4.6,50.0,567.0,605.5
2000,kafka-exporter,267,0.7,1.4,5.1,13.2,18.5
2000,metrics-bridge,267,87.8,31.1,116.4,97.5,174.4
2000,mlflow,267,1.1,1.5,16.8,56.8,64.2
2000,prometheus,267,0.6,0.7,5.1,39.4,48.4
2000,spark-master,267,0.7,3.2,28.3,111.5,120.8
2000,spark-streaming,267,36.7,20.9,122.0,1046.9,1137.7
2000,spark-worker,267,94.2,82.4,205.7,1176.8,1224.7
5000,grafana,605,1.1,1.0,10.8,124.8,150.9
5000,kafka,605,17.4,8.8,113.7,553.6,653.3
5000,kafka-exporter,605,0.7,1.3,5.0,16.1,18.5
5000,metrics-bridge,605,92.4,24.8,119.0,176.1,312.5
5000,mlflow,605,1.3,2.4,20.6,55.5,62.6
5000,prometheus,605,0.6,0.8,7.0,35.0,39.7
5000,spark-master,605,0.8,3.0,20.6,118.9,149.8
5000,spark-streaming,605,22.6,13.9,121.1,965.8,1097.7
5000,spark-worker,605,43.3,73.9,202.3,985.4,1344.5
