taxa_nominal,conteiner,amostras,cpu_media,cpu_dp,cpu_max,mem_media_mib,mem_max_mib
100,grafana,145,1.1,0.9,6.4,156.5,159.1
100,kafka,145,15.4,9.1,69.7,428.1,574.5
100,kafka-exporter,145,1.1,2.1,6.7,19.1,22.8
100,metrics-bridge,145,16.6,5.7,46.1,32.8,45.0
100,mlflow,145,1.6,3.1,23.4,534.8,611.3
100,prometheus,145,0.8,1.2,8.9,42.2,44.4
100,spark-master,145,1.2,4.7,36.7,142.2,148.5
100,spark-streaming,145,59.3,24.1,154.4,1001.5,1073.2
100,spark-worker,145,151.5,14.2,194.1,1117.2,1157.1
500,grafana,149,1.0,0.9,7.5,162.8,164.6
500,kafka,149,13.5,3.3,34.3,576.0,583.9
500,kafka-exporter,149,0.7,1.3,4.0,19.1,20.3
500,metrics-bridge,149,43.9,7.0,64.3,56.4,73.1
500,mlflow,149,1.3,2.5,15.8,466.2,511.5
500,prometheus,149,0.6,0.8,4.7,48.1,50.3
500,spark-master,149,1.1,4.1,33.7,160.4,166.4
500,spark-streaming,149,43.4,13.6,91.8,1086.5,1102.8
500,spark-worker,149,149.9,19.3,187.6,1162.1,1177.6
1000,grafana,145,1.0,0.9,7.5,168.3,170.4
1000,kafka,145,13.1,2.3,22.4,585.0,589.9
1000,kafka-exporter,145,0.7,1.4,4.5,19.1,21.4
1000,metrics-bridge,145,87.0,6.1,105.2,102.8,132.1
1000,mlflow,145,1.7,3.4,17.1,365.2,429.2
1000,prometheus,145,0.6,0.8,4.7,57.2,62.6
1000,spark-master,145,1.2,3.9,19.3,173.7,176.3
1000,spark-streaming,145,41.7,16.1,125.9,1089.3,1109.0
1000,spark-worker,145,155.6,9.1,178.7,1175.2,1197.1
2000,grafana,145,1.0,1.1,8.3,139.5,150.9
2000,kafka,145,12.0,5.4,50.0,565.0,580.9
2000,kafka-exporter,145,0.8,1.5,5.1,13.0,17.5
2000,metrics-bridge,145,99.1,8.6,116.4,94.2,162.6
2000,mlflow,145,1.0,1.3,16.8,56.7,57.1
2000,prometheus,145,0.6,0.7,5.1,39.7,48.4
2000,spark-master,145,1.1,4.3,28.3,111.1,118.8
2000,spark-streaming,145,47.4,19.1,120.0,1040.4,1137.7
2000,spark-worker,145,166.0,18.0,205.7,1180.8,1224.7
5000,grafana,145,1.0,1.0,7.3,124.3,150.2
5000,kafka,145,30.4,8.8,113.7,554.0,653.3
5000,kafka-exporter,145,1.0,1.7,5.0,16.1,18.0
5000,metrics-bridge,145,91.7,25.6,119.0,155.4,263.6
5000,mlflow,145,1.5,3.3,20.6,55.2,62.6
5000,prometheus,145,0.6,0.7,5.7,35.0,39.7
5000,spark-master,145,0.8,3.3,20.6,118.5,149.2
5000,spark-streaming,145,35.4,17.5,120.1,964.5,1097.7
5000,spark-worker,145,172.4,13.9,202.3,1210.5,1322.0
