E_w1_p1_r1,tcc-spark-streaming-1,64.06%,779.3MiB / 7.107GiB
E_w1_p1_r1,tcc-grafana-1,0.71%,119.7MiB / 7.107GiB
E_w1_p1_r1,tcc-prometheus-1,0.26%,53.32MiB / 7.107GiB
E_w1_p1_r1,tcc-kafka-exporter-1,0.07%,16.93MiB / 7.107GiB
E_w1_p1_r1,tcc-spark-worker-1,0.52%,978.3MiB / 7.107GiB
E_w1_p1_r1,tcc-kafka-1,15.01%,510.3MiB / 7.107GiB
E_w1_p1_r1,tcc-mlflow-1,0.84%,53.84MiB / 7.107GiB
E_w1_p1_r1,tcc-spark-master-1,0.26%,169.4MiB / 7.107GiB
E_w1_p1_r2,tcc-spark-streaming-1,64.88%,777.7MiB / 7.107GiB
E_w1_p1_r2,tcc-grafana-1,0.85%,119.8MiB / 7.107GiB
E_w1_p1_r2,tcc-prometheus-1,0.41%,53.93MiB / 7.107GiB
E_w1_p1_r2,tcc-kafka-exporter-1,0.08%,17.81MiB / 7.107GiB
E_w1_p1_r2,tcc-spark-worker-1,0.83%,897.3MiB / 7.107GiB
E_w1_p1_r2,tcc-kafka-1,11.29%,512.9MiB / 7.107GiB
E_w1_p1_r2,tcc-mlflow-1,0.94%,54.08MiB / 7.107GiB
E_w1_p1_r2,tcc-spark-master-1,0.21%,170.2MiB / 7.107GiB
E_w1_p1_r3,tcc-spark-streaming-1,90.55%,770.7MiB / 7.107GiB
E_w1_p1_r3,tcc-grafana-1,1.01%,119.8MiB / 7.107GiB
E_w1_p1_r3,tcc-prometheus-1,0.41%,54.24MiB / 7.107GiB
E_w1_p1_r3,tcc-kafka-exporter-1,0.06%,16.53MiB / 7.107GiB
E_w1_p1_r3,tcc-spark-worker-1,7.21%,992.2MiB / 7.107GiB
E_w1_p1_r3,tcc-kafka-1,11.35%,514.9MiB / 7.107GiB
E_w1_p1_r3,tcc-mlflow-1,0.89%,54.25MiB / 7.107GiB
E_w1_p1_r3,tcc-spark-master-1,0.21%,171.7MiB / 7.107GiB
E_w1_p3_r1,tcc-spark-streaming-1,97.82%,762.8MiB / 7.107GiB
E_w1_p3_r1,tcc-grafana-1,0.77%,121.7MiB / 7.107GiB
E_w1_p3_r1,tcc-prometheus-1,0.81%,54.04MiB / 7.107GiB
E_w1_p3_r1,tcc-kafka-exporter-1,0.05%,17.01MiB / 7.107GiB
E_w1_p3_r1,tcc-spark-worker-1,10.09%,1.188GiB / 7.107GiB
E_w1_p3_r1,tcc-kafka-1,11.12%,516.1MiB / 7.107GiB
E_w1_p3_r1,tcc-mlflow-1,0.86%,54.53MiB / 7.107GiB
E_w1_p3_r1,tcc-spark-master-1,0.41%,169.9MiB / 7.107GiB
E_w1_p3_r2,tcc-spark-streaming-1,149.53%,758MiB / 7.107GiB
E_w1_p3_r2,tcc-grafana-1,0.82%,121.2MiB / 7.107GiB
E_w1_p3_r2,tcc-prometheus-1,0.34%,54.02MiB / 7.107GiB
E_w1_p3_r2,tcc-kafka-exporter-1,2.87%,17.56MiB / 7.107GiB
E_w1_p3_r2,tcc-spark-worker-1,9.34%,1.188GiB / 7.107GiB
E_w1_p3_r2,tcc-kafka-1,12.85%,520.4MiB / 7.107GiB
E_w1_p3_r2,tcc-mlflow-1,0.83%,57.77MiB / 7.107GiB
E_w1_p3_r2,tcc-spark-master-1,0.20%,170.4MiB / 7.107GiB
E_w1_p3_r3,tcc-spark-streaming-1,99.81%,775.4MiB / 7.107GiB
E_w1_p3_r3,tcc-grafana-1,0.92%,121.6MiB / 7.107GiB
E_w1_p3_r3,tcc-prometheus-1,0.31%,54.28MiB / 7.107GiB
E_w1_p3_r3,tcc-kafka-exporter-1,0.05%,16.66MiB / 7.107GiB
E_w1_p3_r3,tcc-spark-worker-1,8.25%,1.187GiB / 7.107GiB
E_w1_p3_r3,tcc-kafka-1,8.50%,520.8MiB / 7.107GiB
E_w1_p3_r3,tcc-mlflow-1,0.88%,57.93MiB / 7.107GiB
E_w1_p3_r3,tcc-spark-master-1,0.34%,173.5MiB / 7.107GiB
E_w1_p6_r1,tcc-spark-streaming-1,94.20%,769.6MiB / 7.107GiB
E_w1_p6_r1,tcc-grafana-1,0.80%,121.3MiB / 7.107GiB
E_w1_p6_r1,tcc-prometheus-1,0.33%,54.57MiB / 7.107GiB
E_w1_p6_r1,tcc-kafka-exporter-1,0.05%,18.33MiB / 7.107GiB
E_w1_p6_r1,tcc-spark-worker-1,4.25%,1.189GiB / 7.107GiB
E_w1_p6_r1,tcc-kafka-1,11.08%,524.3MiB / 7.107GiB
E_w1_p6_r1,tcc-mlflow-1,1.05%,58.07MiB / 7.107GiB
E_w1_p6_r1,tcc-spark-master-1,0.18%,174.2MiB / 7.107GiB
E_w1_p6_r2,tcc-spark-streaming-1,97.40%,775.1MiB / 7.107GiB
E_w1_p6_r2,tcc-grafana-1,0.85%,121.6MiB / 7.107GiB
E_w1_p6_r2,tcc-prometheus-1,0.41%,54.42MiB / 7.107GiB
E_w1_p6_r2,tcc-kafka-exporter-1,0.06%,17.81MiB / 7.107GiB
E_w1_p6_r2,tcc-spark-worker-1,10.66%,1.167GiB / 7.107GiB
E_w1_p6_r2,tcc-kafka-1,10.97%,532MiB / 7.107GiB
E_w1_p6_r2,tcc-mlflow-1,0.85%,58.23MiB / 7.107GiB
E_w1_p6_r2,tcc-spark-master-1,0.22%,172.4MiB / 7.107GiB
E_w1_p6_r3,tcc-spark-streaming-1,73.59%,745.6MiB / 7.107GiB
E_w1_p6_r3,tcc-grafana-1,0.77%,121.3MiB / 7.107GiB
E_w1_p6_r3,tcc-prometheus-1,0.34%,65.79MiB / 7.107GiB
E_w1_p6_r3,tcc-kafka-exporter-1,0.05%,17.91MiB / 7.107GiB
E_w1_p6_r3,tcc-spark-worker-1,0.33%,1.172GiB / 7.107GiB
E_w1_p6_r3,tcc-kafka-1,13.64%,556.3MiB / 7.107GiB
E_w1_p6_r3,tcc-mlflow-1,0.80%,66.4MiB / 7.107GiB
E_w1_p6_r3,tcc-spark-master-1,0.16%,197.6MiB / 7.107GiB
E_w2_p1_r1,tcc-spark-streaming-1,75.71%,763.7MiB / 7.107GiB
E_w2_p1_r1,tcc-spark-worker-2,0.44%,1.045GiB / 7.107GiB
E_w2_p1_r1,tcc-grafana-1,0.91%,121.3MiB / 7.107GiB
E_w2_p1_r1,tcc-prometheus-1,0.34%,60.57MiB / 7.107GiB
E_w2_p1_r1,tcc-kafka-exporter-1,2.68%,18.98MiB / 7.107GiB
E_w2_p1_r1,tcc-spark-worker-1,0.32%,434.1MiB / 7.107GiB
E_w2_p1_r1,tcc-kafka-1,12.87%,557.9MiB / 7.107GiB
E_w2_p1_r1,tcc-mlflow-1,0.90%,66.39MiB / 7.107GiB
E_w2_p1_r1,tcc-spark-master-1,0.17%,203.8MiB / 7.107GiB
E_w2_p1_r2,tcc-spark-streaming-1,64.42%,745.4MiB / 7.107GiB
E_w2_p1_r2,tcc-spark-worker-2,16.97%,1004MiB / 7.107GiB
E_w2_p1_r2,tcc-grafana-1,0.85%,121.3MiB / 7.107GiB
E_w2_p1_r2,tcc-prometheus-1,0.36%,60.82MiB / 7.107GiB
E_w2_p1_r2,tcc-kafka-exporter-1,2.41%,20.15MiB / 7.107GiB
E_w2_p1_r2,tcc-spark-worker-1,0.38%,433.9MiB / 7.107GiB
E_w2_p1_r2,tcc-kafka-1,12.99%,578MiB / 7.107GiB
E_w2_p1_r2,tcc-mlflow-1,0.93%,64.03MiB / 7.107GiB
E_w2_p1_r2,tcc-spark-master-1,0.25%,203.8MiB / 7.107GiB
E_w2_p1_r3,tcc-spark-streaming-1,67.84%,728.7MiB / 7.107GiB
E_w2_p1_r3,tcc-spark-worker-2,0.44%,925.9MiB / 7.107GiB
E_w2_p1_r3,tcc-grafana-1,0.97%,121.6MiB / 7.107GiB
E_w2_p1_r3,tcc-prometheus-1,0.57%,60.61MiB / 7.107GiB
E_w2_p1_r3,tcc-kafka-exporter-1,2.53%,19.53MiB / 7.107GiB
E_w2_p1_r3,tcc-spark-worker-1,0.80%,453.4MiB / 7.107GiB
E_w2_p1_r3,tcc-kafka-1,12.72%,603.5MiB / 7.107GiB
E_w2_p1_r3,tcc-mlflow-1,0.93%,64.03MiB / 7.107GiB
E_w2_p1_r3,tcc-spark-master-1,0.19%,204MiB / 7.107GiB
E_w2_p3_r1,tcc-spark-streaming-1,74.41%,737.2MiB / 7.107GiB
E_w2_p3_r1,tcc-spark-worker-2,0.47%,1.2GiB / 7.107GiB
E_w2_p3_r1,tcc-grafana-1,0.93%,127.1MiB / 7.107GiB
E_w2_p3_r1,tcc-prometheus-1,0.32%,60.02MiB / 7.107GiB
E_w2_p3_r1,tcc-kafka-exporter-1,0.05%,18.68MiB / 7.107GiB
E_w2_p3_r1,tcc-spark-worker-1,0.35%,965.3MiB / 7.107GiB
E_w2_p3_r1,tcc-kafka-1,11.39%,607MiB / 7.107GiB
E_w2_p3_r1,tcc-mlflow-1,0.86%,60.42MiB / 7.107GiB
E_w2_p3_r1,tcc-spark-master-1,0.27%,203.7MiB / 7.107GiB
E_w2_p3_r2,tcc-spark-streaming-1,137.79%,766MiB / 7.107GiB
E_w2_p3_r2,tcc-spark-worker-2,0.75%,1.203GiB / 7.107GiB
E_w2_p3_r2,tcc-grafana-1,0.98%,118MiB / 7.107GiB
E_w2_p3_r2,tcc-prometheus-1,0.78%,60.84MiB / 7.107GiB
E_w2_p3_r2,tcc-kafka-exporter-1,0.06%,16.51MiB / 7.107GiB
E_w2_p3_r2,tcc-spark-worker-1,0.36%,957.9MiB / 7.107GiB
E_w2_p3_r2,tcc-kafka-1,11.33%,615.7MiB / 7.107GiB
E_w2_p3_r2,tcc-mlflow-1,0.96%,60.33MiB / 7.107GiB
E_w2_p3_r2,tcc-spark-master-1,0.31%,205MiB / 7.107GiB
E_w2_p3_r3,tcc-spark-streaming-1,65.01%,778.5MiB / 7.107GiB
E_w2_p3_r3,tcc-spark-worker-2,0.49%,1.236GiB / 7.107GiB
E_w2_p3_r3,tcc-grafana-1,1.03%,118.6MiB / 7.107GiB
E_w2_p3_r3,tcc-prometheus-1,0.31%,61.64MiB / 7.107GiB
E_w2_p3_r3,tcc-kafka-exporter-1,0.08%,18.77MiB / 7.107GiB
E_w2_p3_r3,tcc-spark-worker-1,0.49%,991.6MiB / 7.107GiB
E_w2_p3_r3,tcc-kafka-1,11.19%,619.4MiB / 7.107GiB
E_w2_p3_r3,tcc-mlflow-1,0.89%,60.19MiB / 7.107GiB
E_w2_p3_r3,tcc-spark-master-1,0.16%,204.5MiB / 7.107GiB
E_w2_p6_r1,tcc-spark-streaming-1,130.52%,776.3MiB / 7.107GiB
E_w2_p6_r1,tcc-spark-worker-2,0.81%,1.118GiB / 7.107GiB
E_w2_p6_r1,tcc-grafana-1,0.97%,121.1MiB / 7.107GiB
E_w2_p6_r1,tcc-prometheus-1,0.44%,61.26MiB / 7.107GiB
E_w2_p6_r1,tcc-kafka-exporter-1,0.05%,17.16MiB / 7.107GiB
E_w2_p6_r1,tcc-spark-worker-1,0.53%,1.165GiB / 7.107GiB
E_w2_p6_r1,tcc-kafka-1,10.83%,581.3MiB / 7.107GiB
E_w2_p6_r1,tcc-mlflow-1,0.83%,59.09MiB / 7.107GiB
E_w2_p6_r1,tcc-spark-master-1,0.15%,188.6MiB / 7.107GiB
E_w2_p6_r2,tcc-spark-streaming-1,79.85%,769.7MiB / 7.107GiB
E_w2_p6_r2,tcc-spark-worker-2,0.39%,1.119GiB / 7.107GiB
E_w2_p6_r2,tcc-grafana-1,0.91%,116.1MiB / 7.107GiB
E_w2_p6_r2,tcc-prometheus-1,0.80%,59.9MiB / 7.107GiB
E_w2_p6_r2,tcc-kafka-exporter-1,0.04%,15.7MiB / 7.107GiB
E_w2_p6_r2,tcc-spark-worker-1,6.07%,1.14GiB / 7.107GiB
E_w2_p6_r2,tcc-kafka-1,14.12%,509.5MiB / 7.107GiB
E_w2_p6_r2,tcc-mlflow-1,1.22%,53.39MiB / 7.107GiB
E_w2_p6_r2,tcc-spark-master-1,0.20%,181.6MiB / 7.107GiB
E_w2_p6_r3,tcc-spark-streaming-1,77.69%,763.6MiB / 7.107GiB
E_w2_p6_r3,tcc-spark-worker-2,0.36%,1.114GiB / 7.107GiB
E_w2_p6_r3,tcc-grafana-1,0.90%,116.5MiB / 7.107GiB
E_w2_p6_r3,tcc-prometheus-1,0.45%,59.75MiB / 7.107GiB
E_w2_p6_r3,tcc-kafka-exporter-1,2.69%,17.74MiB / 7.107GiB
E_w2_p6_r3,tcc-spark-worker-1,0.36%,1.13GiB / 7.107GiB
E_w2_p6_r3,tcc-kafka-1,13.44%,510.6MiB / 7.107GiB
E_w2_p6_r3,tcc-mlflow-1,0.84%,53.83MiB / 7.107GiB
E_w2_p6_r3,tcc-spark-master-1,0.14%,171.3MiB / 7.107GiB
E_w3_p1_r1,tcc-spark-streaming-1,62.10%,743.8MiB / 7.107GiB
E_w3_p1_r1,tcc-spark-worker-3,1.74%,455.2MiB / 7.107GiB
E_w3_p1_r1,tcc-spark-worker-2,1.97%,398.5MiB / 7.107GiB
E_w3_p1_r1,tcc-grafana-1,0.70%,116.3MiB / 7.107GiB
E_w3_p1_r1,tcc-prometheus-1,0.52%,74.21MiB / 7.107GiB
E_w3_p1_r1,tcc-kafka-exporter-1,0.05%,16.22MiB / 7.107GiB
E_w3_p1_r1,tcc-spark-worker-1,14.77%,1004MiB / 7.107GiB
E_w3_p1_r1,tcc-kafka-1,10.98%,511.3MiB / 7.107GiB
E_w3_p1_r1,tcc-mlflow-1,0.89%,53.98MiB / 7.107GiB
E_w3_p1_r1,tcc-spark-master-1,0.14%,180.1MiB / 7.107GiB
E_w3_p1_r2,tcc-spark-streaming-1,130.11%,755.1MiB / 7.107GiB
E_w3_p1_r2,tcc-spark-worker-3,3.93%,449.7MiB / 7.107GiB
E_w3_p1_r2,tcc-spark-worker-2,3.46%,395.9MiB / 7.107GiB
E_w3_p1_r2,tcc-grafana-1,0.84%,116.6MiB / 7.107GiB
E_w3_p1_r2,tcc-prometheus-1,0.72%,76.61MiB / 7.107GiB
E_w3_p1_r2,tcc-kafka-exporter-1,0.06%,15.51MiB / 7.107GiB
E_w3_p1_r2,tcc-spark-worker-1,25.72%,939.8MiB / 7.107GiB
E_w3_p1_r2,tcc-kafka-1,10.54%,545.1MiB / 7.107GiB
E_w3_p1_r2,tcc-mlflow-1,0.82%,54.12MiB / 7.107GiB
E_w3_p1_r2,tcc-spark-master-1,0.28%,181.7MiB / 7.107GiB
E_w3_p1_r3,tcc-spark-streaming-1,63.67%,742MiB / 7.107GiB
E_w3_p1_r3,tcc-spark-worker-3,0.41%,466.3MiB / 7.107GiB
E_w3_p1_r3,tcc-spark-worker-2,0.44%,398.2MiB / 7.107GiB
E_w3_p1_r3,tcc-grafana-1,0.82%,121.4MiB / 7.107GiB
E_w3_p1_r3,tcc-prometheus-1,0.44%,64.45MiB / 7.107GiB
E_w3_p1_r3,tcc-kafka-exporter-1,0.13%,16.93MiB / 7.107GiB
E_w3_p1_r3,tcc-spark-worker-1,0.46%,981.7MiB / 7.107GiB
E_w3_p1_r3,tcc-kafka-1,11.53%,537.7MiB / 7.107GiB
E_w3_p1_r3,tcc-mlflow-1,0.93%,62.05MiB / 7.107GiB
E_w3_p1_r3,tcc-spark-master-1,0.16%,177.6MiB / 7.107GiB
E_w3_p3_r1,tcc-spark-streaming-1,148.54%,739.1MiB / 7.107GiB
E_w3_p3_r1,tcc-spark-worker-3,0.35%,954.5MiB / 7.107GiB
E_w3_p3_r1,tcc-spark-worker-2,0.38%,890.5MiB / 7.107GiB
E_w3_p3_r1,tcc-grafana-1,0.86%,119.7MiB / 7.107GiB
E_w3_p3_r1,tcc-prometheus-1,0.26%,63.3MiB / 7.107GiB
E_w3_p3_r1,tcc-kafka-exporter-1,0.05%,11.11MiB / 7.107GiB
E_w3_p3_r1,tcc-spark-worker-1,0.35%,994.1MiB / 7.107GiB
E_w3_p3_r1,tcc-kafka-1,11.34%,549.4MiB / 7.107GiB
E_w3_p3_r1,tcc-mlflow-1,0.94%,54.09MiB / 7.107GiB
E_w3_p3_r1,tcc-spark-master-1,14.82%,155.8MiB / 7.107GiB
E_w3_p3_r2,tcc-spark-streaming-1,72.35%,814.3MiB / 7.107GiB
E_w3_p3_r2,tcc-spark-worker-3,0.43%,945.1MiB / 7.107GiB
E_w3_p3_r2,tcc-spark-worker-2,0.40%,868.4MiB / 7.107GiB
E_w3_p3_r2,tcc-grafana-1,1.01%,118.9MiB / 7.107GiB
E_w3_p3_r2,tcc-prometheus-1,0.50%,63.85MiB / 7.107GiB
E_w3_p3_r2,tcc-kafka-exporter-1,0.07%,10.15MiB / 7.107GiB
E_w3_p3_r2,tcc-spark-worker-1,0.45%,918.8MiB / 7.107GiB
E_w3_p3_r2,tcc-kafka-1,12.34%,532.5MiB / 7.107GiB
E_w3_p3_r2,tcc-mlflow-1,0.93%,52.62MiB / 7.107GiB
E_w3_p3_r2,tcc-spark-master-1,0.19%,140.7MiB / 7.107GiB
E_w3_p3_r3,tcc-spark-streaming-1,90.46%,787.8MiB / 7.107GiB
E_w3_p3_r3,tcc-spark-worker-3,2.94%,994.4MiB / 7.107GiB
E_w3_p3_r3,tcc-spark-worker-2,4.38%,853.5MiB / 7.107GiB
E_w3_p3_r3,tcc-grafana-1,0.81%,118.6MiB / 7.107GiB
E_w3_p3_r3,tcc-prometheus-1,0.60%,60.81MiB / 7.107GiB
E_w3_p3_r3,tcc-kafka-exporter-1,0.04%,10.25MiB / 7.107GiB
E_w3_p3_r3,tcc-spark-worker-1,0.43%,818.9MiB / 7.107GiB
E_w3_p3_r3,tcc-kafka-1,10.88%,462.9MiB / 7.107GiB
E_w3_p3_r3,tcc-mlflow-1,0.90%,52.7MiB / 7.107GiB
E_w3_p3_r3,tcc-spark-master-1,0.22%,135.5MiB / 7.107GiB
