workers,particoes,repeticao,run_id,mensagens,completo,executores,executores_com_tarefas,vazao_primeira_a_ultima_tx_s,vazao_25_95_tx_s,tempo_ate_primeira_predicao_s,tempo_total_s,tempo_primeira_a_ultima_s,n_microlotes,numInputRows_total,processedRowsPerSecond_ponderado,taxa_carga_previa_tx_s,predicoes_no_topico
1,1,1,E_w1_p1_r1,300000,1,1,1,16293.9,18643.2,34.9,53.3,18.4,1,300000,8810.1,9418.3,300000
1,1,2,E_w1_p1_r2,300000,1,1,1,13621.9,15197.2,31.4,53.4,22.0,1,300000,7979.8,9499.2,300000
1,1,3,E_w1_p1_r3,300000,1,1,1,15136.5,18348.0,30.6,50.4,19.8,1,300000,8636.1,9504.2,300000
1,3,1,E_w1_p3_r1,300000,1,1,1,15449.4,18754.2,39.4,58.8,19.4,1,300000,6969.3,10443.2,300000
1,3,2,E_w1_p3_r2,300000,1,1,1,15137.1,17272.5,39.0,58.8,19.8,1,300000,6949.1,10367.8,300000
1,3,3,E_w1_p3_r3,300000,1,1,1,15452.2,15239.5,40.4,59.8,19.4,1,300000,6816.2,10417.6,300000
1,6,1,E_w1_p6_r1,300000,1,1,1,12489.5,10657.8,39.0,63.0,24.0,1,300000,6342.2,10864.1,300000
1,6,2,E_w1_p6_r2,300000,1,1,1,11894.3,10019.0,38.2,63.4,25.2,1,300000,6306.6,10925.1,300000
1,6,3,E_w1_p6_r3,300000,1,1,1,12811.2,10970.3,39.0,62.4,23.4,1,300000,6489.3,10635.2,300000
2,1,1,E_w2_p1_r1,300000,1,2,1,16657.2,19300.8,34.4,52.4,18.0,1,300000,8978.3,9451.9,300000
2,1,2,E_w2_p1_r2,300000,1,2,1,13505.5,15479.6,32.6,54.8,22.2,1,300000,7921.6,9533.0,300000
2,1,3,E_w2_p1_r3,300000,1,2,1,13881.4,20953.2,32.2,53.8,21.6,1,300000,8115.6,9407.1,300000
2,3,1,E_w2_p3_r1,300000,1,2,2,15611.0,14997.6,35.4,54.6,19.2,1,300000,8372.6,10428.3,300000
2,3,2,E_w2_p3_r2,300000,1,2,2,16650.8,16572.7,35.2,53.2,18.0,1,300000,8827.2,10401.5,300000
2,3,3,E_w2_p3_r3,300000,1,2,2,14410.3,13686.6,34.0,54.8,20.8,1,300000,8193.8,10387.0,300000
2,6,1,E_w2_p6_r1,300000,1,2,2,33310.3,32979.0,40.0,49.0,9.0,1,300000,9629.6,10911.3,300000
2,6,2,E_w2_p6_r2,300000,1,2,2,32584.1,31403.1,41.0,50.2,9.2,1,300000,9520.8,10923.8,300000
2,6,3,E_w2_p6_r3,300000,1,2,2,31887.0,32054.0,39.6,49.0,9.4,1,300000,9573.7,10899.8,300000
3,1,1,E_w3_p1_r1,300000,1,3,1,16474.2,20603.0,34.5,52.7,18.2,1,300000,8943.7,9464.9,300000
3,1,2,E_w3_p1_r2,300000,1,3,1,13753.4,16171.2,33.8,55.6,21.8,1,300000,8080.8,9454.7,300000
3,1,3,E_w3_p1_r3,300000,1,3,1,16291.7,18864.2,33.4,51.8,18.4,1,300000,8902.9,9463.4,300000
3,3,1,E_w3_p3_r1,300000,1,3,3,44060.4,73886.2,37.6,44.5,6.8,1,300000,11412.1,10371.2,300000
3,3,2,E_w3_p3_r2,300000,1,3,3,40508.5,67782.0,40.2,47.6,7.4,1,300000,11323.3,10393.7,300000
3,3,3,E_w3_p3_r3,300000,1,3,3,45414.0,93671.8,41.0,47.6,6.6,1,300000,11243.5,10389.1,300000
