repeticao,registro_metricas,transacoes,tempo_s,tx_por_s,fraudes_preditas
1,0,284807,3.196282,89105.7,542
2,0,284807,2.293852,124161.0,542
3,0,284807,2.386914,119320.2,542
4,0,284807,2.248510,126664.8,542
5,0,284807,2.265070,125738.7,542
6,0,284807,2.262709,125869.9,542
7,0,284807,2.253623,126377.4,542
8,0,284807,2.234681,127448.6,542
9,0,284807,2.194187,129800.7,542
10,0,284807,2.194344,129791.4,542
11,0,284807,2.219864,128299.3,542
12,0,284807,2.221847,128184.8,542
13,0,284807,2.181332,130565.7,542
14,0,284807,2.220339,128271.8,542
15,0,284807,2.242298,127015.7,542
16,0,284807,2.215752,128537.4,542
17,0,284807,2.182997,130466.1,542
18,0,284807,2.183084,130460.8,542
19,0,284807,2.185029,130344.7,542
20,0,284807,2.238323,127241.2,542
21,0,284807,2.191812,129941.3,542
22,0,284807,2.219353,128328.8,542
23,0,284807,2.218843,128358.3,542
24,0,284807,2.234020,127486.3,542
25,0,284807,2.216323,128504.3,542
26,0,284807,2.314433,123056.9,542
27,0,284807,2.206351,129085.1,542
28,0,284807,2.200828,129409.0,542
29,0,284807,2.211546,128781.9,542
30,0,284807,2.232193,127590.7,542
