servico,imagem,id,criada
grafana,grafana/grafana:latest,sha256:5dad0df181cb644a14e13617b913b261a54f7d4fd4510721dba420929f35bea2,2026-06-02T11:40:36.568853761Z
kafka,confluentinc/cp-kafka:8.2.1,sha256:68cf7eb0d994f9c94206a0cca751abbb491ab1f308d4580debbfcdc5b45ee4fc,2026-05-08T14:32:41.336161916Z
kafka-exporter,danielqsj/kafka-exporter:latest,sha256:a51b280b55a763deaa1bc5024310bc2954995d9160014d7445055dac6a090868,2026-04-13T08:02:21.178895511Z
kafka-init,confluentinc/cp-kafka:8.2.1,sha256:68cf7eb0d994f9c94206a0cca751abbb491ab1f308d4580debbfcdc5b45ee4fc,2026-05-08T14:32:41.336161916Z
metrics-bridge,tcc-spark:4.1.2,sha256:1a1e7ef42c2565e628c819600c86e4f1b0a3131791d40c774e9c784c3737b77f,2026-10-03T06:39:01.246147991-03:00
mlflow,ghcr.io/mlflow/mlflow:v3.13.0,sha256:b2136d49f882fdc9c48bdb95514a8a23804e8756524135c3f09f7a553a3ac58b,2026-06-01T23:25:54.843459992Z
prometheus,prom/prometheus:latest,sha256:69f5241418838263316593f7274a304b095c40bcf22e57272865da91bd60a8ac,2026-05-28T16:27:27.879598767Z
spark-master,tcc-spark:4.1.2,sha256:1a1e7ef42c2565e628c819600c86e4f1b0a3131791d40c774e9c784c3737b77f,2026-10-03T06:39:01.246147991-03:00
spark-streaming,tcc-spark:4.1.2,sha256:1a1e7ef42c2565e628c819600c86e4f1b0a3131791d40c774e9c784c3737b77f,2026-10-03T06:39:01.246147991-03:00
spark-worker,tcc-spark:4.1.2,sha256:1a1e7ef42c2565e628c819600c86e4f1b0a3131791d40c774e9c784c3737b77f,2026-10-03T06:39:01.246147991-03:00
