repeticao,run_id,taxa_nominal,enviadas,erros_envio,processos_produtor,duracao_s,taxa_efetiva_produtor,publicadas_na_janela,vazao_sustentada_tx_s,metricas_na_janela,vazao_ponte_tx_s,recebidas_total,unicas,duplicadas,faltantes,dreno_completo,tempo_dreno_s,lat_publicacao_p50_s,lat_publicacao_p95_s,lat_publicacao_p99_s,lat_metrica_p50_s,lat_metrica_p95_s,lat_metrica_p99_s,lat_metrica_max_s,prom_p50_s,prom_p95_s,prom_p99_s,lag_max_msgs,lag_fim_janela_msgs,n_microlotes,inputRowsPerSecond_media,processedRowsPerSecond_media,duracao_microlote_ms_media,t_inicio,t_fim
1,D_t100_r1,100,6000,0,1,59.996,100.0,5963,99.4,5934,98.9,6000,6000,0,0,1,2.2,0.9864839315414428,1.6908908724784857,2.004465849399567,1.0209063291549685,1.7156879901885989,2.019736969470979,2.3039822578430176,1.0943040252435852,2.39765588051171,3.2951791267340367,161,37,70,110.81,99.89,857.2571428571429,1791020948.084388,1791021008.080282
2,D_t100_r2,100,6000,0,1,59.996,100.0,5929,98.8,5906,98.4,6000,6000,0,0,1,2.2,0.7541084289550781,1.4040843367576603,1.6553364658355714,0.7797664403915405,1.4265751957893371,1.6710899305343636,2.0124197006225586,0.8179649014778325,2.2430831826401447,2.448616636528029,121,71,91,100.0076923076923,100.16483516483518,662.7362637362637,1791021022.3972926,1791021082.3933268
3,D_t100_r3,100,6000,0,1,59.996,100.0,5943,99.1,5899,98.3,6000,6000,0,0,1,2.2,0.8013777732849121,1.3420531749725344,1.5545603322982795,0.8295252323150635,1.3567498803138731,1.5646033477783208,2.2477147579193115,0.842006598680264,2.260921645997745,2.452184329199549,114,57,85,99.99999999999996,100.2129411764706,705.5411764705882,1791021097.1049306,1791021157.101183
4,D_t100_r4,100,6000,0,1,59.996,100.0,5943,99.1,5891,98.2,6000,6000,0,0,1,2.2,0.6947313547134399,1.2034152388572694,1.455727593898774,0.7171324491500854,1.2176209449768067,1.4650992274284371,2.33436131477356,0.7363721804511278,2.040299684542586,2.4080599369085176,115,57,98,100.02551020408164,100.25204081632654,610.765306122449,1791021173.4705818,1791021233.466795
5,D_t100_r5,100,6000,0,1,59.998,100.0,5906,98.4,5906,98.4,6000,6000,0,0,1,2.2,0.7019531726837158,1.3032738089561464,1.693505547046663,0.7233970165252686,1.322596144676209,1.7146588706970218,2.28300142288208,0.7601592531576058,2.135556464811784,2.427111292962357,110,94,97,99.98350515463918,100.12680412371134,624.8144329896908,1791021249.8104465,1791021309.808442
1,D_t500_r1,500,30000,0,1,60.005,500.0,29760,496.0,29701,495.0,30000,30000,0,0,1,1.4,0.5686087608337402,0.9003395915031432,1.0068077731132503,0.6292153596878052,0.9242806673049928,1.0219844269752505,1.8016250133514404,0.6742988658472927,0.9775091349119728,1.5975211864406709,401,240,118,500.3161016949152,503.613559322034,502.7542372881356,1791021327.2354484,1791021387.2403789
2,D_t500_r2,500,30000,0,1,60.004,500.0,29851,497.5,29696,494.9,30000,30000,0,0,1,2.7,0.5514930486679077,0.8791165232658387,0.9814324665069576,0.6149051189422607,0.9025163173675536,1.002653992176055,1.8702614307403564,0.6650072623342548,0.9729314060816192,1.0634918032786915,371,149,121,500.2123966942149,501.1355371900826,496.6198347107438,1791021403.859228,1791021463.8629472
3,D_t500_r3,500,30000,0,1,60.007,499.9,29815,496.9,29662,494.3,30000,30000,0,0,1,2.7,0.5580087900161743,0.8820352196693421,0.992956094741821,0.620905876159668,0.9032611608505248,1.011601467132567,1.7830116748809814,0.6672719019518838,0.9736722650930548,1.1764705882352906,393,185,120,500.3058333333334,502.27166666666665,499.3833333333333,1791021481.2439623,1791021541.2513812
4,D_t500_r4,500,30000,0,1,60.003,500.0,29868,497.8,29717,495.3,30000,30000,0,0,1,2.7,0.566441535949707,0.903525936603546,1.0358868694305416,0.6290104389190674,0.9312785148620604,1.0550819492340082,1.829755783081055,0.6740398696206717,0.9816677689073644,1.852988077496276,397,132,118,500.39406779661016,502.2779661016949,509.9491525423729,1791021558.3264332,1791021618.329743
5,D_t500_r5,500,30000,0,1,60.004,500.0,29841,497.3,29722,495.3,30000,30000,0,0,1,1.4,0.5471974611282349,0.8704948663711548,0.9666584563255306,0.6091469526290894,0.8929223418235778,1.002722902297973,1.803027391433716,0.6598278901465949,0.9723499257747265,1.02749180327868,368,159,122,500.1229508196722,502.7877049180328,488.09016393442624,1791021635.5178246,1791021695.5215127
1,D_t1000_r1,1000,60000,0,1,60.006,999.9,59681,994.6,59350,989.1,60000,60000,0,0,1,1.8,0.5842471122741699,0.9308400869369506,1.0551977658271794,0.7312864065170288,1.0655840039253237,1.236028771400452,1.8907325267791748,0.7439912923719402,1.7616896375701891,2.3523379275140384,861,319,115,1001.5852173913044,1001.9539130434785,523.4347826086956,1791021713.3166516,1791021773.3230534
2,D_t1000_r2,1000,60000,0,1,60.006,999.9,59650,994.1,59317,988.5,60000,60000,0,0,1,1.8,0.5782473087310791,0.9180692553520202,1.0141197061538696,0.7193417549133301,1.0467297434806824,1.1811038208007816,1.85657000541687,0.7350335883362649,1.598738233526937,2.3197476467053875,749,350,116,1001.256896551724,999.9129310344828,518.4224137931035,1791021791.7318163,1791021851.7376318
3,D_t1000_r3,1000,60000,0,1,60.008,999.9,59710,995.0,59345,989.0,60000,60000,0,0,1,1.8,0.5791488885879517,0.9160904407501218,1.0025821948051452,0.7185184955596924,1.0443041563034057,1.1756073617935183,1.827258586883545,0.7367042193644383,1.6150267009493675,2.323005340189873,771,290,116,1001.4956896551726,1001.0862068965516,518.5344827586207,1791021870.0951772,1791021930.10313
4,D_t1000_r4,1000,60000,0,1,60.008,999.9,59408,990.0,59281,987.9,60000,60000,0,0,1,1.8,0.578657865524292,0.9193432450294492,1.037943637371063,0.7181594371795654,1.0479862332344052,1.2422621512413028,2.0042264461517334,0.739053595510506,1.6249748186946,2.32499496373892,734,592,117,1001.4205128205128,997.4982905982906,519.3675213675214,1791021948.3281157,1791022008.3361287
5,D_t1000_r5,1000,60000,0,1,60.006,999.9,59591,993.1,59295,988.2,60000,60000,0,0,1,1.8,0.5711755752563477,0.9042081952095032,0.9929197144508364,0.7115144729614258,1.028939068317413,1.153064048290253,1.826047658920288,0.7267052535964005,1.4090909090909078,2.2818181818181813,749,409,117,1001.1743589743588,1004.894017094017,508.2564102564103,1791022026.8276303,1791022086.8333554
1,D_t2000_r1,2000,120000,0,1,60.013,1999.6,118332,1971.8,65669,1094.2,120000,120000,0,0,1,40.1,1.016963005065918,1.6609464049339295,1.958885805606842,24.78408133983612,40.713453674316405,42.75315407752991,43.43694877624512,22.73860222508336,55.2629188933056,59.05258377866113,2679,1668,68,2003.4367647058823,2002.8279411764704,890.3382352941177,1791035625.3909862,1791035685.4039474
2,D_t2000_r2,2000,120000,0,1,60.015,1999.5,118544,1975.2,63474,1057.6,120000,120000,0,0,1,41.1,0.8791531324386597,1.866732120513889,4.0816638231277445,26.5151549577713,39.85277642011643,41.5650500369072,42.25644874572754,25.56959431771616,56.17233020031472,59.23446604006294,8776,1456,75,2000.4373333333333,2091.7,765.8666666666667,1791035747.9413905,1791035807.9566412
3,D_t2000_r3,2000,120000,0,1,60.016,1999.5,118924,1981.5,67909,1131.5,120000,120000,0,0,1,38.8,0.7554625272750854,1.2013278961181642,1.3947305226325986,23.205289483070374,38.432390487194056,39.88755372047424,40.54877281188965,20.85939770276677,54.02350753702104,58.80470150740421,2116,1076,90,2004.1411111111108,1998.202222222222,667.0444444444445,1791035871.391744,1791035931.4081078
4,D_t2000_r4,2000,120000,0,1,60.011,1999.6,119255,1987.2,68075,1134.4,120000,120000,0,0,1,38.8,0.724008321762085,1.137876260280609,1.2620016360282895,22.933253049850464,36.54842104911804,37.994855420589445,38.514527320861816,21.32602922702625,54.4291639174286,58.88583278348572,2026,745,94,2004.0106382978724,2007.177659574468,633.8085106382979,1791035993.811164,1791036053.8221924
5,D_t2000_r5,2000,120000,0,1,60.016,1999.5,118741,1978.5,68358,1139.0,120000,120000,0,0,1,36.6,0.7160806655883789,1.1314214587211608,1.3198432898521413,22.55603301525116,36.571857440471646,37.41084878444671,38.11943602561951,20.919399973968503,54.3279020778143,58.86558041556285,2045,1259,96,2004.1520833333327,1996.2010416666665,632.9166666666666,1791036114.0662146,1791036174.0822096
1,D_t5000_r1,5000,300000,0,4,60.112,4990.7,296525,4932.9,54902,913.3,300000,300000,0,0,1,179.0,1.7014555931091309,2.9204066753387448,3.6618605947494514,98.55764365196228,167.27891957759857,173.89141800403596,175.27538323402405,98.78526045137983,275.24226482845353,295.0484529656907,14703,3475,42,4981.292857142857,4886.997619047619,1444.595238095238,1791036637.4404414,1791036697.5527265
2,D_t5000_r2,5000,300000,0,4,60.064,4994.7,292989,4878.0,50533,841.3,300000,300000,0,0,1,180.7,1.6343090534210205,4.1809207677841185,6.465297718048097,100.73772656917572,169.13218578100205,175.4712213921547,177.0554597377777,100.68651701518746,275.8650588624398,295.17301177248794,28997,7011,41,5001.809756097561,5217.856097560976,1368.7073170731708,1791036903.4284518,1791036963.4919655
3,D_t5000_r3,5000,300000,0,4,60.125,4989.6,295649,4917.2,51838,862.2,300000,300000,0,0,1,177.7,1.4096314907073975,3.3560722470283504,5.655770006179811,99.08324694633484,167.08404887914656,173.48315864086152,175.14218759536743,99.12904328113149,275.0609620926624,295.0121924185325,29153,4351,47,5001.2255319148935,5251.897872340425,1181.8936170212767,1791037169.8498938,1791037229.975122
4,D_t5000_r4,5000,300000,0,4,60.081,4993.2,294531,4902.2,51461,856.5,300000,300000,0,0,1,180.8,1.2781435251235962,4.101656782627092,6.405059773921967,99.49458229541779,168.0926214814186,174.41004236221315,176.0670886039734,99.3958270029373,275.3007364039702,295.060147280794,29748,5469,51,5001.803921568628,5244.154901960785,1070.137254901961,1791037434.489944,1791037494.571199
5,D_t5000_r5,5000,300000,0,4,60.072,4994.0,298379,4967.0,52199,868.9,300000,300000,0,0,1,179.1,1.2187519073486328,3.89890415668487,6.258876578807831,98.86959671974182,166.81885974407197,173.8911482024193,175.07256531715393,98.94959346887146,274.9633723410174,294.9926744682035,31572,1621,54,5001.575925925926,5244.981481481483,1025.148148148148,1791037704.0209336,1791037764.093324
